{"stats":{"minecraft:dropped":{"minecraft:oak_sapling":2},"minecraft:picked_up":{"minecraft:birch_log":5,"minecraft:stick":1,"minecraft:oak_log":4,"minecraft:oak_sapling":3,"minecraft:dirt":1},"minecraft:custom":{"minecraft:jump":79,"minecraft:leave_game":6,"minecraft:play_time":13523,"minecraft:time_since_death":13523,"minecraft:walk_one_cm":30145,"minecraft:total_world_time":13523,"minecraft:fall_one_cm":1103,"minecraft:drop":2,"minecraft:fly_one_cm":81,"minecraft:time_since_rest":13523},"minecraft:used":{"minecraft:birch_log":5,"minecraft:dirt":1},"minecraft:mined":{"minecraft:birch_log":5,"minecraft:grass_block":1,"minecraft:oak_log":4,"minecraft:birch_leaves":10,"minecraft:oak_leaves":13}},"DataVersion":3465}