{
  "minecraft:recipes/decorations/crafting_table": {
    "criteria": {
      "unlock_right_away": "2024-11-26 06:06:34 +0000"
    },
    "done": true
  },
  "minecraft:adventure/adventuring_time": {
    "criteria": {
      "minecraft:river": "2024-11-26 10:40:48 +0000",
      "minecraft:frozen_ocean": "2024-11-26 23:20:50 +0000",
      "minecraft:deep_frozen_ocean": "2024-11-26 10:31:24 +0000",
      "minecraft:snowy_beach": "2024-11-26 23:21:03 +0000",
      "minecraft:meadow": "2024-11-26 23:25:03 +0000",
      "minecraft:plains": "2024-11-26 06:06:36 +0000"
    },
    "done": false
  },
  "biomesoplenty:biomesoplenty/all_biomes": {
    "criteria": {
      "cold_desert": "2024-11-26 06:10:06 +0000",
      "auroral_garden": "2024-11-26 06:08:51 +0000",
      "snowy_coniferous_forest": "2024-11-26 06:08:46 +0000",
      "snowy_fir_clearing": "2024-11-26 06:09:19 +0000"
    },
    "done": false
  },
  "biomesoplenty:biomesoplenty/root": {
    "criteria": {
      "snowy_coniferous_forest": "2024-11-26 06:08:46 +0000"
    },
    "done": true
  },
  "repurposed_structures:root": {
    "criteria": {
      "always": "2024-11-26 10:28:46 +0000"
    },
    "done": true
  },
  "bossominium:loot_bosses_a": {
    "criteria": {
      "loot_bosses_a": "2024-11-26 10:28:46 +0000"
    },
    "done": true
  },
  "cataclysm:root": {
    "criteria": {
      "custom_test_name": "2024-11-26 10:28:46 +0000"
    },
    "done": true
  },
  "dungeons_arise:wda_root": {
    "criteria": {
      "WDA": "2024-11-26 10:28:46 +0000"
    },
    "done": true
  },
  "aquamirae:adventure/find_ice_maze": {
    "criteria": {
      "deep_frozen_ocean": "2024-11-26 10:31:24 +0000"
    },
    "done": true
  },
  "alexscaves:alexscaves/discover_candy_cavity": {
    "criteria": {
      "discover": "2024-11-26 23:22:47 +0000"
    },
    "done": true
  },
  "alexscaves:alexscaves/discover_toxic_caves": {
    "criteria": {
      "discover": "2024-11-26 23:24:19 +0000"
    },
    "done": true
  },
  "DataVersion": 3465
}